context_id,random_context_id,target_id,judgements_in_context,mean_acceptability_in_context,median_acceptability_in_context,judgements_out_of_context,mean_acceptability_out_of_context,median_acceptability_out_of_context,real,in_context_surprisal,out_of_context_surprisal,in_context_entropies,out_of_context_entropies,in_context_deviations,out_of_context_deviations,in_context_surprisal_rnd,out_of_context_surprisal_rnd,in_context_entropies_rnd,out_of_context_entropies_rnd,in_context_deviations_rnd,out_of_context_deviations_rnd
0,41,English,"[3, 3, 4, 4, 4, 4, 3, 4, 3, 4, 3, 3, 4, 4, 4, 4, 3]",3.588235294117647,4.0,"[4, 4, 2, 3, 2, 4, 3, 4, 3, 2, 4, 3]",3.1666666666666665,3.0,True,"[5.182844   7.7907634  6.1288834  5.155411   0.14276387 0.24149178
 7.832566   1.029881   6.096874   3.5507982  6.098078   0.22513455
 6.8916845  1.3133438  3.013053   1.2590191  8.95507    0.47289884
 0.26735386 2.9073853  1.8360171  2.4716384  5.787184   7.132576
 1.8750623  2.8544405  2.4445014  6.351754   3.4489572  2.3411362
 0.0111285  6.4432178  0.46637303 1.1985137 ]","[7.1490874  5.475498   4.4311743  9.374793   2.4777794  0.35747188
 8.432978   4.804677   4.9239116  3.072959   6.6337757  0.7786166
 7.3419604  1.5197401  3.3293173  1.8192188  9.710493   0.6206331
 0.24449132 4.0746064  2.345599   2.3981023  6.429319   7.601531
 2.0167844  2.919642   3.4012506  6.6634307  4.163165   2.6060905
 0.00984019 6.6732583  0.5276907  1.5495797 ]","[8.282204   4.6622896  5.3286314  5.304234   7.1430087  4.980287
 3.9717624  7.567818   5.246264   5.6259565  6.1762295  7.5922456
 5.4147224  2.0322814  4.333473   3.3373604  1.0211377  6.414776
 4.235732   0.9687873  4.50683    2.7400377  1.1802552  5.844626
 4.751246   0.794176   4.498609   3.6622167  3.9157052  4.7874136
 1.0054541  1.0367774  4.492156   3.5077813  2.696606   5.3841467
 7.223183   1.0946144  6.186626   3.2005906  5.237446   3.437302
 4.908596   1.8356467  1.2722371  3.9394927  1.7089922  6.4458303
 6.054056   5.0829415  3.6234717  5.303618   3.1452124  1.5861497
 5.4839635  2.384563   0.11637367 5.882921   1.70326    1.9333079
 4.0688334 ]","[7.954005  8.802452  6.0004272 5.2806387 5.0018735 1.6289765 5.1362906
 5.651789  2.7328246 5.6928415 8.054796  3.3118358 6.1539826 4.0092063
 5.327531  4.301437  3.5103946 1.9547293 1.2200395 4.5098286 1.6839473
 6.3064065 5.8010836 5.335004  3.9019234 5.2499976 3.143237  1.7960684
 5.9064775 2.3204083 0.1040799 5.8111115 1.8530033 1.8531653 4.381584 ]","[0.6842351  4.1285467  2.2131782  0.36799717 0.8626902  0.7952856
 3.3404098  2.4779003  3.4002683  1.8333485  1.1251054  0.86947984
 0.7050586  1.8872468  2.224393   2.178283   4.0464735  1.3627479
 1.0048832  1.0321074  0.12702489 3.974192   0.2668724  2.0496345
 1.7484094  2.4491775  0.700711   4.7656045  2.0350063  0.04342675
 0.10524517 0.56029654 1.236887   0.73479414]","[0.80491734 3.326954   1.569253   4.0941544  2.524094   1.2715046
 3.2966871  0.8471122  2.191087   2.6198826  1.4210205  2.533219
 1.1879778  2.4894662  1.9982135  2.4822183  6.2000985  1.3340962
 0.97554815 0.43522215 0.6616516  3.9083042  0.62823534 2.2665272
 1.885139   2.3303556  0.2580135  4.867362   1.7433124  0.2856822
 0.09423971 0.86214685 1.3253126  0.30358553]","[1.1261912e+01 5.2134809e+00 4.3407583e+00 6.5270848e+00 2.5073872e+00
 2.2102711e-01 7.4077749e+00 5.4862261e+00 5.8127565e+00 2.8557935e+00
 7.7482338e+00 8.2454258e-01 7.1139951e+00 1.5425651e+00 3.3807490e+00
 2.4056234e+00 9.6078634e+00 5.9435999e-01 1.5428306e-01 4.6840396e+00
 2.3920898e+00 2.2933626e+00 6.0843062e+00 7.0324717e+00 1.9654384e+00
 2.9272747e+00 3.1338329e+00 6.6928687e+00 4.4902663e+00 2.9649770e+00
 6.5101208e-03 6.5946732e+00 5.5090952e-01 1.3024026e+00]","[7.1490874  5.475498   4.4311743  9.374793   2.4777794  0.35747188
 8.432978   4.804677   4.9239116  3.072959   6.6337757  0.7786166
 7.3419604  1.5197401  3.3293173  1.8192188  9.710493   0.6206331
 0.24449132 4.0746064  2.345599   2.3981023  6.429319   7.601531
 2.0167844  2.919642   3.4012506  6.6634307  4.163165   2.6060905
 0.00984019 6.6732583  0.5276907  1.5495797 ]","[7.972337   5.5562077  4.967026   3.5261292  1.0919701  5.4664116
 5.5669327  2.5823846  5.759904   7.887339   3.4386158  6.1977663
 3.9148383  5.2123404  4.2934136  3.6343472  1.7910047  0.85634977
 4.368842   1.6282556  6.126069   5.798675   5.2536755  3.7639518
 5.1101575  3.0056796  1.7304877  6.066935   2.2802653  0.07051005
 5.7879324  1.848239   1.831791   3.968424  ]","[7.954005  8.802452  6.0004272 5.2806387 5.0018735 1.6289765 5.1362906
 5.651789  2.7328246 5.6928415 8.054796  3.3118358 6.1539826 4.0092063
 5.327531  4.301437  3.5103946 1.9547293 1.2200395 4.5098286 1.6839473
 6.3064065 5.8010836 5.335004  3.9019234 5.2499976 3.143237  1.7960684
 5.9064775 2.3204083 0.1040799 5.8111115 1.8530033 1.8531653 4.381584 ]","[7.2934885  2.7588558  1.2154493  1.5600586  1.0187421  0.87094295
 1.9413633  0.0807066  3.230372   2.9041104  0.13910532 2.6140733
 0.9162288  2.3722732  1.8315914  1.8877902  5.9735165  1.1966447
 0.7020667  0.31519747 0.76383424 3.8327065  0.28563118 1.7787962
 1.7985134  2.1828828  0.12815332 4.962381   1.5766687  0.6847117
 0.06399993 0.80674076 1.2973294  0.5293884 ]","[0.80491734 3.326954   1.569253   4.0941544  2.524094   1.2715046
 3.2966871  0.8471122  2.191087   2.6198826  1.4210205  2.533219
 1.1879778  2.4894662  1.9982135  2.4822183  6.2000985  1.3340962
 0.97554815 0.43522215 0.6616516  3.9083042  0.62823534 2.2665272
 1.885139   2.3303556  0.2580135  4.867362   1.7433124  0.2856822
 0.09423971 0.86214685 1.3253126  0.30358553]"
0,19,Czech,"[4, 2, 3, 3, 3, 3, 4, 2, 4, 3, 1, 4, 2, 4, 3, 2]",2.9375,3.0,"[3, 1, 4, 3, 3, 3, 3, 2, 4, 3, 3, 2, 3, 4]",2.9285714285714284,3.0,False,"[16.2125      9.083635    0.28988552  0.23983824  0.979377    7.692922
  2.7182832   5.0718637  10.130147    0.47479856  8.2930355   1.5188509
  3.3480957   1.6496892   8.606863    0.6801222   0.29179707  7.303332
  1.8224186   2.5395555   5.3143883   2.7556367   2.7921455   0.21684025
  1.6104536   2.773262    3.2198155   3.909865    2.4027536   0.94648397
  0.03782518  6.9608393   1.805765    1.512444  ]","[ 9.60956     8.651049    2.9563508   0.3492038   1.1328956   8.362722
  1.9640259   4.8021917  10.452642    0.59361494  7.9364      1.6482853
  3.7130904   1.6887641   8.723209    0.6631714   0.21536593  8.651341
  1.8846328   2.6881871   5.3581605   2.938343    3.249394    0.4304224
  1.5268844   2.530685    3.5641227   3.463231    2.8022435   0.7629337
  0.02866952  6.66223     1.7700274   1.917666  ]","[8.282204  4.6622896 5.3286314 5.304234  7.1430087 4.980287  3.9717624
 7.567818  5.246264  5.6259565 6.1762295 7.5922456 5.4147224 2.0322814
 4.333473  3.3373604 1.0211377 6.414776  4.235732  0.9687873 4.50683
 2.7400377 1.1802552 5.844626  4.751246  0.794176  4.498609  6.1840343
 1.7914606 1.1025457 4.5011907 5.576699  4.8465614 2.6597788 5.024036
 1.9844328 6.001894  3.6497493 5.582845  4.325128  6.162086  2.0049534
 1.4458579 4.315324  2.09503   6.1350446 6.578105  3.7968428 6.0525236
 1.5318371 5.3825073 5.613003  2.3302283 5.489628  4.8511353 1.900902
 0.3116803 5.6404634 5.195311  2.2887635 4.935652 ]","[7.954005   5.147604   4.191635   1.7255309  5.2387943  7.0782995
 5.7794814  2.983451   5.470991   2.6846724  6.158704   3.7902026
 5.6944094  4.5270257  4.96015    1.9936135  1.2043525  4.676947
 1.9645491  6.106066   6.402519   4.243822   5.900552   2.4666817
 5.2166395  5.624679   1.7014518  5.097932   5.347645   1.6011972
 0.24831621 5.5709257  5.0350966  2.207858   4.5666165 ]","[11.71389     2.899601    1.5015751   0.8627075   3.5218136   2.1162233
  2.1282783   2.4120848   5.106111    1.5096343   2.2911415   2.1308985
  2.2347496   2.675439    2.444777    1.3248312   1.1540608   2.988008
  0.2726115   3.595489    1.2637167   1.0412061   3.2603781   1.3149968
  3.7720537   2.8397408   0.88958716  1.5797629   2.4483817   0.95441806
  0.2738551   1.3203759   3.389546    0.7763195 ]","[1.6555552  3.5034447  1.2352843  1.376327   4.105899   1.2844229
 3.8154554  1.8187408  4.9816513  2.0910573  1.7776961  2.1419172
 1.981319   2.8382616  3.7630596  1.3304421  0.98898655 3.9743943
 0.07991624 3.417879   1.0443587  1.305479   2.6511579  2.0362594
 3.689755   3.0939941  1.8626709  1.6347008  2.5454013  0.8382636
 0.21964669 1.0913043  3.2650692  0.29019213]","[18.511124    9.018143    3.140252    0.26591897  1.2151918   7.947994
  1.5490015   5.300735   10.533546    0.6246853   7.912555    1.6165398
  3.6148531   1.8754532   8.957714    0.77971286  0.15012404  8.92505
  1.7776601   2.6678953   5.362731    2.9356337   3.2916832   0.40755957
  1.5764903   2.5546854   3.3980033   3.4182067   2.8288012   0.79803365
  0.03046123  6.4358034   1.7833439   1.8288713 ]","[ 9.60956     8.651049    2.9563508   0.3492038   1.1328956   8.362722
  1.9640259   4.8021917  10.452642    0.59361494  7.9364      1.6482853
  3.7130904   1.6887641   8.723209    0.6631714   0.21536593  8.651341
  1.8846328   2.6881871   5.3581605   2.938343    3.249394    0.4304224
  1.5268844   2.530685    3.5641227   3.463231    2.8022435   0.7629337
  0.02866952  6.66223     1.7700274   1.917666  ]","[7.582057  5.014868  1.3657198 5.252164  6.990696  5.30925   2.7516086
 5.542401  2.6571915 6.028609  3.6900904 5.551937  4.5789967 4.846349
 1.9462444 0.8944824 4.875233  2.1337752 6.064695  6.3556986 4.1675005
 5.884994  2.3708677 5.2088137 5.534594  1.8136728 4.8704863 5.335276
 1.6104094 0.2609469 5.538089  4.972005  2.2661889 4.511127 ]","[7.954005   5.147604   4.191635   1.7255309  5.2387943  7.0782995
 5.7794814  2.983451   5.470991   2.6846724  6.158704   3.7902026
 5.6944094  4.5270257  4.96015    1.9936135  1.2043525  4.676947
 1.9645491  6.106066   6.402519   4.243822   5.900552   2.4666817
 5.2166395  5.624679   1.7014518  5.097932   5.347645   1.6011972
 0.24831621 5.5709257  5.0350966  2.207858   4.5666165 ]","[13.999996    1.4360857   1.8746157   1.0998008   4.036972    0.9572983
  3.7602484   2.5491264   4.9911456   2.0325062   1.8839464   2.0735507
  1.937084    2.7035434   4.1113653   1.1665316   0.7443583   4.0498166
  0.3561151   3.3967996   0.9929676   1.2318668   2.5933108   1.9633081
  3.6323233   2.9799087   1.5843306   1.4522796   2.506475    0.8123757
  0.23048566  0.8977146   3.188661    0.4373176 ]","[1.6555552  3.5034447  1.2352843  1.376327   4.105899   1.2844229
 3.8154554  1.8187408  4.9816513  2.0910573  1.7776961  2.1419172
 1.981319   2.8382616  3.7630596  1.3304421  0.98898655 3.9743943
 0.07991624 3.417879   1.0443587  1.305479   2.6511579  2.0362594
 3.689755   3.0939941  1.8626709  1.6347008  2.5454013  0.8382636
 0.21964669 1.0913043  3.2650692  0.29019213]"
0,6,German,"[4, 4, 3, 4, 3, 2, 3, 3, 4, 4, 3, 4, 4, 4, 4]",3.533333333333333,4.0,"[4, 4, 4, 3, 4, 3, 3, 3, 3, 4, 4, 4, 4]",3.6153846153846154,4.0,False,"[5.1828442e+00 7.7907634e+00 6.1288834e+00 5.8490143e+00 5.1690869e-02
 2.8469843e-01 1.0037321e+00 8.2438030e+00 2.7245214e+00 5.4886742e+00
 3.6237345e+00 6.2521825e+00 2.8410542e-01 7.1951094e+00 1.3697191e+00
 3.1348534e+00 2.2207360e+00 7.7312059e+00 3.0474290e-01 1.5833166e-01
 5.0779281e+00 1.1586660e+00 7.8862195e+00 1.0106659e+00 5.0663605e+00
 2.6593997e+00 2.9162631e+00 9.4722107e-02 1.4565085e+00 2.3500803e+00
 1.5787923e+00 5.6900525e+00 2.4081316e+00 1.7675228e+00 5.7463925e-03
 1.0362092e+00 6.6892385e+00 1.4000349e+00 1.6501136e+00]","[7.1490874e+00 5.4754982e+00 4.4311743e+00 8.8912344e+00 1.4414397e+00
 4.9387103e-01 1.1190454e+00 9.0514727e+00 2.3153107e+00 4.4052172e+00
 2.8699148e+00 8.4347610e+00 8.5717386e-01 7.7269802e+00 1.6449101e+00
 3.4380763e+00 2.5121024e+00 8.1271954e+00 3.0342361e-01 1.3131107e-01
 6.7079582e+00 1.0969763e+00 7.7555385e+00 9.5872426e-01 5.2056656e+00
 3.0622716e+00 3.0765028e+00 2.0727903e-01 1.1945665e+00 2.0859506e+00
 1.2228417e+00 5.5686903e+00 2.8551335e+00 1.7973825e+00 4.5846351e-03
 9.9740165e-01 6.9713488e+00 1.2176481e+00 1.7847395e+00]","[8.282204   4.6622896  5.3286314  5.304234   7.1430087  4.980287
 3.9717624  7.567818   5.246264   5.6259565  6.1762295  7.5922456
 5.4147224  2.0322814  4.333473   3.3373604  1.0211377  6.414776
 4.235732   0.9687873  4.50683    2.7400377  1.1802552  5.844626
 4.751246   0.794176   4.498609   3.6622167  3.9157052  4.7874136
 0.44085982 1.1966623  4.4346585  5.030666   4.8895345  2.653121
 5.0972342  7.6385393  1.3564516  6.05562    3.5132546  5.350394
 3.8228047  5.730233   1.3155018  0.9132942  2.9726877  1.3838248
 5.913512   4.415614   6.331439   2.5111678  6.1273456  0.7935376
 5.3216515  5.4729505  2.81808    5.3096447  4.9193063  2.086953
 0.05839257 5.3126364  7.393688   2.9052916  2.5706737  4.207406  ]","[7.954005   8.802452   6.0004272  5.2806387  4.8268824  2.013464
 4.7911286  6.555201   5.7036138  2.708346   5.25197    7.8874617
 3.4452443  5.5617614  4.1096716  5.4505534  4.675545   5.458316
 1.2557856  0.8228612  3.170357   1.3101963  5.930249   4.0017033
 6.4451084  2.9784462  5.948061   1.4683553  4.983325   5.5555305
 2.8136175  4.8533173  5.131325   1.8964605  0.04831279 5.132184
 7.415003   2.3061092  2.6316051  4.2726274 ]","[0.6842351  4.1285467  2.2131782  1.0616007  0.38916895 0.9119639
 3.4309263  3.2131371  2.165013   2.8355532  1.4734998  1.3863568
 1.0723462  1.1394892  2.1435356  2.2155404  1.6020687  2.0009727
 1.0107589  0.75496256 2.1052403  0.22515881 1.9727073  3.4049482
 1.2650785  0.14823198 3.2110825  0.6988155  3.8651428  3.1228702
 1.2392876  0.3804078  2.5111747  0.3194301  0.05264618 4.2764273
 0.70444965 1.5052567  0.9205601 ]","[0.80491734 3.326954   1.569253   3.6105957  3.3854427  1.519593
 3.6720834  2.4962716  3.388303   1.6968713  2.382055   0.5472994
 2.5880704  2.1652188  2.4647615  2.0124772  2.1634429  2.6688795
 0.95236194 0.69155014 3.5376012  0.21322    1.8252892  3.042979
 1.2394428  0.08382535 2.8715582  1.2610762  3.7887585  3.46958
 1.5907757  0.71537304 2.2761912  0.09907806 0.04372815 4.1347823
 0.44365406 1.088461   0.84686565]","[7.00484848e+00 3.74276352e+00 4.75562382e+00 7.83802509e+00
 1.39949870e+00 2.63942152e-01 7.92481244e-01 8.36457634e+00
 1.63788128e+00 5.07770729e+00 2.32505035e+00 1.20543928e+01
 5.21706522e-01 9.82264709e+00 1.55412829e+00 3.55627728e+00
 1.69766986e+00 8.20772934e+00 4.03853387e-01 2.26396769e-01
 7.66825676e+00 1.77363610e+00 8.30786228e+00 1.23988843e+00
 5.96678352e+00 3.19783854e+00 2.33199739e+00 5.44911139e-02
 1.41114342e+00 1.37680042e+00 7.72251725e-01 6.55290937e+00
 5.28220129e+00 3.03578043e+00 1.14143435e-02 1.02853465e+00
 6.58790731e+00 2.38833165e+00 1.55557454e+00]","[7.1490874e+00 5.4754982e+00 4.4311743e+00 8.8912344e+00 1.4414397e+00
 4.9387103e-01 1.1190454e+00 9.0514727e+00 2.3153107e+00 4.4052172e+00
 2.8699148e+00 8.4347610e+00 8.5717386e-01 7.7269802e+00 1.6449101e+00
 3.4380763e+00 2.5121024e+00 8.1271954e+00 3.0342361e-01 1.3131107e-01
 6.7079582e+00 1.0969763e+00 7.7555385e+00 9.5872426e-01 5.2056656e+00
 3.0622716e+00 3.0765028e+00 2.0727903e-01 1.1945665e+00 2.0859506e+00
 1.2228417e+00 5.5686903e+00 2.8551335e+00 1.7973825e+00 4.5846351e-03
 9.9740165e-01 6.9713488e+00 1.2176481e+00 1.7847395e+00]","[8.82680607e+00 5.63086605e+00 4.09846210e+00 1.88841656e-01
 5.10776663e+00 6.62257957e+00 7.53305721e+00 6.98554134e+00
 3.36019111e+00 1.08497047e+00 1.79619074e-01 1.62680411e+00
 2.96383429e+00 6.81220531e+00 5.31911373e+00 3.81359696e+00
 6.09898710e+00 5.00438356e+00 1.30017281e+00 3.13059664e+00
 4.00845098e+00 3.66834497e+00 5.04231834e+00 4.98109967e-01
 6.87164259e+00 3.88623095e+00 7.03552103e+00 4.51760483e+00
 3.47475576e+00 5.89156818e+00 6.24290276e+00 4.39320135e+00
 4.81969261e+00 7.64740109e-01 4.14710522e+00 6.17837811e+00
 5.23462248e+00 3.62556863e+00 3.09454709e-01 6.41876180e-03
 1.83375269e-01 2.00067687e+00 6.78552151e+00 6.51745605e+00
 6.76243830e+00 3.49826515e-01 2.97645736e+00 6.73644590e+00
 6.18741703e+00 3.19182801e+00 6.64240360e+00 5.28327084e+00
 2.13302779e+00 5.36138344e+00 5.47642374e+00 6.16270924e+00
 2.08487701e+00 5.80740976e+00 2.97715962e-01 2.18504810e+00
 5.36815929e+00 5.05112171e+00 2.79773307e+00 7.67290735e+00
 6.32930803e+00 2.11786008e+00 7.16840887e+00 4.78487015e+00
 2.14779091e+00 4.73718548e+00 2.52482557e+00 4.94199562e+00
 3.56075311e+00 4.47460508e+00 2.33059096e+00 3.35097694e+00
 4.41966295e+00 5.45022821e+00 2.91036487e+00 4.96789742e+00
 2.46020937e+00 2.60405707e+00 6.34162951e+00 7.43505573e+00
 9.78448153e-01 5.33300686e+00 5.59462452e+00 2.44104862e+00
 2.71925426e+00 5.97589397e+00 2.74682999e+00 2.41278931e-01
 2.50557637e+00 6.35451031e+00 5.25294304e+00 4.15359068e+00
 7.51389408e+00 6.05215406e+00 5.88666439e+00 6.83554888e+00
 3.84307671e+00 5.22144032e+00 2.72434878e+00 3.98480654e+00
 4.98446894e+00 2.34884933e-01 4.24086761e+00 5.85463142e+00
 2.62951946e+00 7.96011686e-01 1.14108268e-02 3.46271420e+00
 5.89330578e+00 5.63602924e+00 4.68894196e+00 4.34460640e+00
 6.20471144e+00 5.38312626e+00 3.80665255e+00 5.19621706e+00
 5.63773441e+00 5.22875786e+00 2.42433310e+00 4.79301834e+00
 6.20042562e+00 3.22716928e+00 5.99509192e+00 3.31730366e+00
 6.94056749e+00 4.34021616e+00 7.37527752e+00 3.29434729e+00
 2.12128878e+00 3.91499758e+00 4.22447014e+00 5.10705757e+00
 4.68391943e+00 4.22969341e+00 7.80450821e-01 5.34256577e-01
 4.18437958e+00 1.80867755e+00 5.94237041e+00 8.45923305e-01
 4.09711838e+00 2.12604308e+00 3.30207014e+00 5.93299484e+00
 1.16393793e+00 4.29133844e+00 2.36895776e+00 4.32268429e+00
 5.75869656e+00 2.61606741e+00 3.29746747e+00 5.23886013e+00
 3.96000671e+00 1.14875746e+00 4.30341768e+00 1.91869974e+00
 6.64858913e+00 2.37763262e+00 4.14576912e+00 3.84662127e+00
 4.71453571e+00 2.53295517e+00 5.03999233e+00 2.64029336e+00
 6.78443575e+00 5.82975101e+00 5.50474453e+00 3.87648487e+00
 3.31062889e+00 8.81656408e-01 4.89710093e+00 3.28122288e-01
 5.67387438e+00 3.06545401e+00 4.57030821e+00 5.08266258e+00
 6.75167894e+00 2.07195783e+00 3.81164074e+00 3.08051634e+00
 5.02584171e+00 5.10640240e+00 4.71480799e+00 6.70600748e+00
 7.92292166e+00 3.15971327e+00 6.74501434e-02 4.53609467e+00
 4.48386669e+00 3.99572921e+00 4.96132803e+00 4.10171366e+00
 3.63030314e+00 2.81190968e+00 2.05337191e+00 4.40054369e+00
 4.30418253e+00 2.27029228e+00 5.97755861e+00 2.85332394e+00
 3.87259555e+00 4.70443869e+00 4.42637920e+00 9.90957260e-01
 2.09912372e+00 1.86529589e+00 4.84526014e+00 3.18497539e+00
 2.32228017e+00 1.71537769e+00 5.62105799e+00 4.78505039e+00
 3.18577671e+00 4.20855951e+00 2.23327827e+00 1.12973861e-01
 3.35669231e+00 2.53917575e+00 3.69804430e+00 4.28070211e+00
 2.71219015e-01 2.60405946e+00 4.82035255e+00 3.51788211e+00
 1.72397316e-01 1.87885606e+00 2.84965897e+00 4.34376812e+00
 3.54152441e+00 4.03083444e-01 2.86256552e+00 4.20784855e+00
 3.80479470e-02 3.93703890e+00 1.34289491e+00 1.86522722e+00
 1.34215546e+00 5.44450235e+00 5.17280674e+00 2.23731184e+00
 3.79973555e+00 4.56883478e+00 5.63683414e+00 3.17727804e-01
 5.17537832e+00 5.83078575e+00 6.10723829e+00 2.64267635e+00
 4.15952063e+00 2.85185170e+00 7.10203767e-01 1.43083191e+00
 5.03746128e+00 2.35533452e+00 2.12257338e+00 3.74814272e+00
 5.95476723e+00 4.57368517e+00 6.22440195e+00 1.58576012e+00
 6.95923424e+00 5.86870766e+00 2.79482245e+00 6.14351273e+00
 2.16460299e+00 1.61459908e-01 1.34280756e-01 4.17703056e+00
 1.91770506e+00 7.04941225e+00 5.95481694e-01 1.94419718e+00
 1.58907986e+00 2.77613688e+00 5.42562151e+00 3.15655065e+00
 5.07922506e+00 3.94103241e+00 3.28226471e+00 5.12747431e+00
 2.30900884e+00 2.24471998e+00 5.44244576e+00 3.69275618e+00
 5.85104942e+00 4.55313826e+00 4.30894196e-01 2.52209854e+00
 3.53191376e+00 4.81387711e+00 5.96129465e+00 3.65014434e+00
 1.39877319e-01 5.65117025e+00 2.77071571e+00 3.87088537e+00
 1.42243743e+00 2.10293794e+00 5.81069040e+00 3.30060315e+00
 6.12406921e+00 4.99760151e+00 1.22830808e+00 4.07039785e+00
 1.83521259e+00 2.44936728e+00 4.11047459e+00 4.77721834e+00
 4.71311665e+00 5.96920395e+00 2.52670527e+00 2.82465890e-02
 2.96803570e+00 2.45189571e+00 4.62993956e+00 3.20937657e+00
 5.72835970e+00 4.11369228e+00 3.06299999e-02 4.61827946e+00
 4.55211067e+00 2.74990940e+00 1.91447818e+00 3.54372311e+00
 4.99967289e+00 2.17176914e-01 6.08171844e+00 2.87962604e+00
 5.95481968e+00 5.17261362e+00 6.38712496e-02 5.37701416e+00
 3.09746552e+00 4.46732569e+00 3.45317602e+00 6.27064896e+00
 6.85779572e+00 4.94263124e+00 6.86973763e+00 5.03857183e+00
 6.17609549e+00 6.52636290e+00 3.86673069e+00 3.57711411e+00
 3.91238546e+00 5.82039022e+00 4.95539665e+00 5.84482098e+00
 3.42823982e+00 4.42310810e+00 6.96726799e+00 5.45734310e+00
 8.28317776e-02 1.21606469e-01 1.79398584e+00 3.99398899e+00
 5.32833529e+00 5.18224669e+00 5.06920147e+00 6.04945517e+00
 2.44907522e+00 6.48580933e+00 2.51360822e+00 3.37415791e+00
 3.39522886e+00 3.07842255e+00 2.61993217e+00 3.75116873e+00
 3.81257558e+00 3.74189949e+00 6.31172514e+00 3.65814543e+00
 5.51588345e+00 2.11679029e+00 2.23655391e+00 1.58822775e+00
 4.83656883e+00 4.86939716e+00 6.57141733e+00 5.34948635e+00
 3.25471091e+00 3.76781784e-02 1.58999658e+00 3.41439962e+00
 2.92718935e+00 2.87199497e+00 7.27217150e+00 3.00043201e+00
 4.38878489e+00 4.94539642e+00 1.87726521e+00 3.72916079e+00
 5.03037453e+00 2.69885850e+00 5.40079784e+00 1.79586422e+00
 2.17387486e+00 4.05280972e+00 4.35377359e+00 1.26884460e+00
 1.67725570e-02 4.91337442e+00 2.77737713e+00 4.55723763e+00
 3.68798900e+00 4.00589085e+00 1.19477618e+00 4.31058455e+00
 2.81574202e+00 4.03320026e+00 5.44754601e+00 3.76463008e+00
 5.51713705e+00 5.83192825e+00 3.26312423e+00 4.38612175e+00
 6.09390879e+00 4.11803007e+00 4.62533379e+00 6.09333420e+00
 5.85804510e+00 3.99263334e+00 6.05664206e+00 3.49148870e+00
 5.03779984e+00 3.58793640e+00 6.05565786e+00 2.84449100e+00
 4.44296074e+00 6.20322990e+00 6.20141029e+00 4.99274397e+00
 2.79622316e+00 4.74082327e+00 5.63644648e+00 4.39016438e+00
 2.61726546e+00 1.38179445e+00 4.32349920e+00 5.41382372e-01
 7.62462169e-02 3.98537016e+00 5.31464148e+00 4.31400394e+00
 1.86343384e+00 5.37497759e+00 2.60408425e+00 5.01090336e+00
 5.28331423e+00 6.96593666e+00 1.31810582e+00 2.63602734e+00
 1.94663167e+00 4.41452837e+00 6.42341709e+00 2.11091423e+00
 7.90260285e-02 5.18312931e+00 8.58429909e-01 3.50833988e+00
 2.54656863e+00 4.65948534e+00 6.93762004e-02 5.16954803e+00
 2.54741287e+00 7.37836123e-01 6.37379503e+00 5.47931004e+00
 2.92275572e+00 2.39472795e+00 3.76337481e+00 5.99453449e+00
 4.60269594e+00 5.17412376e+00 5.10114050e+00 1.96565318e+00
 1.09073855e-01 2.51199460e+00 7.28552246e+00 4.42719668e-01
 4.64271927e+00 6.50944757e+00 1.91489732e+00 4.35814285e+00
 4.48599386e+00 5.94988167e-02 5.16902447e+00 2.84156179e+00
 1.84757495e+00 4.56912136e+00 6.03720427e+00 3.20223379e+00
 4.71457386e+00 9.32683647e-02 3.70813394e+00 5.16394043e+00
 5.71526003e+00 5.52271748e+00 3.49935699e+00 3.45812273e+00
 6.33655071e+00 2.73295212e+00 3.08240080e+00 6.96908236e+00
 4.09708405e+00 2.27446032e+00 5.36072159e+00 7.48794603e+00
 3.05284047e+00 5.98822880e+00 4.59070826e+00 1.63392603e+00
 4.55771542e+00 6.71353054e+00 4.36112118e+00 2.23940325e+00
 5.12541199e+00 4.13734531e+00 4.93778467e+00 1.13766849e+00
 2.28279829e+00 4.27016640e+00 5.12784290e+00 2.89875239e-01
 5.85841703e+00 2.90155768e+00 2.25812864e+00 5.12865829e+00
 4.16857433e+00 5.27683592e+00 2.20001027e-01 5.30123234e+00
 4.05317879e+00 4.17796707e+00 3.60187769e+00 3.53562069e+00
 3.25969625e+00 3.81873536e+00 1.82130933e+00 9.56195652e-01
 3.05211329e+00 5.51171601e-02 5.92228985e+00 3.39336848e+00
 4.36472940e+00 1.54028034e+00 5.53098345e+00 2.87407517e+00
 5.33163548e-01 5.10298252e+00 3.44094992e+00 2.69544935e+00
 6.54062986e+00 5.07586765e+00 2.80301452e+00 2.69285440e+00
 1.04702604e+00 9.23335195e-01 2.61134315e+00 4.17073679e+00
 5.40253019e+00 3.05717540e+00 5.47985744e+00 6.56384325e+00
 4.58347559e+00 5.86284304e+00 2.02536404e-01 8.52622688e-01
 6.11438990e+00 8.55808496e-01 2.74448180e+00 5.81723690e+00
 5.71887779e+00 5.64748573e+00 5.69676924e+00 5.97584581e+00
 1.54728591e+00 1.10661630e-02 1.82020080e+00 5.60589933e+00
 6.12609625e+00 2.63801098e+00 5.38639975e+00 5.80138588e+00
 8.33715424e-02 5.45133638e+00 3.83966684e+00 3.42211008e+00
 3.31923628e+00 6.16357899e+00 2.84541821e+00 3.96579576e+00
 2.65725040e+00 5.55093145e+00 1.10618472e+00 4.90070438e+00
 3.50739431e+00 6.24490070e+00 2.00612879e+00 5.43364954e+00
 6.74818325e+00 5.36303377e+00 4.21280909e+00 3.83658361e+00
 1.22526801e+00 3.60296583e+00 6.34310961e+00 5.63612890e+00
 2.53758001e+00 5.40292645e+00 7.26048994e+00 2.23268414e+00
 5.25386477e+00 3.46496058e+00 5.45554304e+00 4.23121166e+00
 4.98412609e+00 1.77780139e+00 1.28689182e+00 3.27345943e+00
 1.24988353e+00 6.32707262e+00 4.11914539e+00 6.71693230e+00
 1.58068526e+00 6.15844202e+00 5.01564324e-01 5.31399822e+00
 5.11360884e+00 2.34802294e+00 5.48711872e+00 5.51259613e+00
 2.35928679e+00 1.16204664e-01 5.24962711e+00 7.62621403e+00
 5.16891384e+00 2.77113891e+00 5.29978848e+00]","[7.954005   8.802452   6.0004272  5.2806387  4.8268824  2.013464
 4.7911286  6.555201   5.7036138  2.708346   5.25197    7.8874617
 3.4452443  5.5617614  4.1096716  5.4505534  4.675545   5.458316
 1.2557856  0.8228612  3.170357   1.3101963  5.930249   4.0017033
 6.4451084  2.9784462  5.948061   1.4683553  4.983325   5.5555305
 2.8136175  4.8533173  5.131325   1.8964605  0.04831279 5.132184
 7.415003   2.3061092  2.6316051  4.2726274 ]","[1.5711989  3.0054197  0.60740995 3.625216   2.437085   0.9613259
 2.8104846  2.0214667  3.9982476  2.5401273  3.077876   4.793903
 1.7109776  4.5687823  1.9108323  1.8992658  2.5335417  3.2236032
 1.373948   1.060495   4.3947973  0.52375257 1.9807897  2.879257
 0.7501488  1.6171533  3.8264446  0.44707322 3.902855   3.7368083
 1.5757712  1.0657907  0.23039484 0.67649364 0.10479032 4.221092
 1.0383067  2.7805822  1.2155644 ]","[0.80491734 3.326954   1.569253   3.6105957  3.3854427  1.519593
 3.6720834  2.4962716  3.388303   1.6968713  2.382055   0.5472994
 2.5880704  2.1652188  2.4647615  2.0124772  2.1634429  2.6688795
 0.95236194 0.69155014 3.5376012  0.21322    1.8252892  3.042979
 1.2394428  0.08382535 2.8715582  1.2610762  3.7887585  3.46958
 1.5907757  0.71537304 2.2761912  0.09907806 0.04372815 4.1347823
 0.44365406 1.088461   0.84686565]"
0,13,Spanish,"[4, 3, 3, 3, 3, 3, 4, 3, 4, 3, 3, 2, 3, 3, 2, 3, 4]",3.1176470588235294,3.0,"[3, 4, 3, 3, 4, 4, 4, 3, 3, 3]",3.4,3.0,False,"[8.9290905  8.305691   5.6342964  1.5835242  4.059033   0.1603027
 0.26401007 0.9626612  6.6726823  2.8742125  4.0328264  5.31642
 0.23473845 7.429181   1.2449254  3.1421294  6.121292   2.979979
 3.757639   0.19678868 2.2551162  7.0352316  0.52841485 0.265766
 1.8122084  2.359636   4.6686     0.9697811  5.4681997  2.7055256
 1.9315139  0.0300923  1.2544142  1.7413177  2.6179142  3.9684434
 2.6962857  1.3276825  0.0113969  0.90347105 6.7315626  1.2021248
 1.1463038 ]","[6.807073   3.8069253  5.296838   2.2085345  5.3937044  1.5908589
 0.25612152 1.0948776  5.7956505  1.9660418  3.207273   8.560488
 1.3637542  7.3995934  1.8531404  3.1129057  7.783888   1.9986541
 5.50737    0.26066378 2.2489758  6.955166   0.46127102 0.29826072
 1.9832934  2.2204719  5.440797   1.0387037  5.5680294  3.1160367
 1.9999379  0.04026882 1.0510281  1.8313844  2.4072242  4.0557294
 3.5466237  0.9152943  0.01076698 0.8290777  7.230486   0.9189157
 1.657595  ]","[8.282204   4.6622896  5.3286314  5.304234   7.1430087  4.980287
 3.9717624  7.567818   5.246264   5.6259565  6.1762295  7.5922456
 5.4147224  2.0322814  4.333473   3.3373604  1.0211377  6.414776
 4.235732   0.9687873  4.50683    2.7400377  1.1802552  5.844626
 4.751246   0.794176   4.498609   2.7636151  4.5890384  4.907726
 6.1557975  1.0643637  1.0936153  4.4609785  5.163      2.0940542
 5.6814494  7.200781   1.1886032  5.6388483  3.3365064  5.2470865
 3.5579612  5.151694   6.7855225  0.9269817  6.565588   7.489121
 1.7892851  1.7226841  3.1184967  5.530149   4.166953   4.538618
 6.142517   1.6460247  5.7559276  0.2922121  4.814044   5.109337
 2.3688986  4.5163946  4.7516336  1.9044461  0.10984957 4.751474
 7.2489505  2.3227181  2.447934   4.1445026 ]","[7.954005   5.4531364  5.141585   5.2207966  6.858947   4.310407
 1.2679484  4.8955564  6.659222   2.9140007  5.457172   7.457914
 4.0859613  4.544936   4.518793   5.1985493  4.7832227  4.442817
 7.3919053  1.1610378  6.3098884  7.4267273  1.6657168  1.8635833
 2.7633708  4.8843822  3.2867982  4.39884    6.685622   1.9623724
 5.6307526  0.38150847 4.312112   5.1675134  2.471261   4.230547
 4.411186   1.8618611  0.10438605 4.3972044  7.241174   2.0684152
 2.4993434  4.3052883 ]","[4.4304814  5.5420756  1.045258   3.3242016  2.0967646  0.904061
 0.8296052  3.4983172  1.5096822  0.7801583  1.648623   1.8843608
 0.9538647  1.7903328  2.0915809  2.104957   2.563331   2.1717148
 3.0278835  0.730193   4.3104715  0.45388937 1.2608702  1.4569181
 1.3062882  3.170513   0.501647   3.568837   0.67431736 1.0595009
 3.8244138  0.2621198  3.55963    3.368019   0.24901557 0.5479512
 2.055348   0.57676363 0.09845267 3.848003   0.51738787 1.1205933
 1.3016301 ]","[1.1469316  1.6462111  0.15525293 3.012262   1.4652424  2.7195482
 1.0118269  3.8006787  0.86357164 0.94795895 2.249899   1.1025739
 2.722207   2.8546572  2.6656528  2.0856435  3.0006652  2.444163
 1.8845353  0.90037405 4.0609126  0.47156143 1.2044457  1.5653226
 0.78007734 2.6639104  2.1539986  3.3601363  1.1175928  1.1536642
 3.6308146  0.34123963 3.2610836  3.336129   0.06403685 0.17481756
 0.8645625  0.9465668  0.09361907 3.5681267  0.0106883  1.1494994
 0.84174836]","[10.449971    3.0114892   6.805663    2.4256644   4.890579    3.4895053
  0.35843256  0.882009    8.874632    2.449437    3.3249245  10.16099
  0.38049796  6.6654034   1.428672    5.0656486   5.678184    2.5623732
  6.7218103   0.61468536  2.4374506   7.5948753   0.7974108   0.8747679
  1.713063    2.2963045   4.777972    1.0945312   4.9096427   2.674214
  2.178211    0.0362299   1.2022555   1.5029527   2.544094    3.9561806
  4.4707465   2.0865152   0.01903599  0.9605317   6.8615613   1.6854873
  1.0410415 ]","[6.807073   3.8069253  5.296838   2.2085345  5.3937044  1.5908589
 0.25612152 1.0948776  5.7956505  1.9660418  3.207273   8.560488
 1.3637542  7.3995934  1.8531404  3.1129057  7.783888   1.9986541
 5.50737    0.26066378 2.2489758  6.955166   0.46127102 0.29826072
 1.9832934  2.2204719  5.440797   1.0387037  5.5680294  3.1160367
 1.9999379  0.04026882 1.0510281  1.8313844  2.4072242  4.0557294
 3.5466237  0.9152943  0.01076698 0.8290777  7.230486   0.9189157
 1.657595  ]","[7.8069296  6.429864   6.809883   5.98725    7.221688   7.4756684
 5.4306636  3.7896392  4.0296097  1.0460806  4.6626096  1.6429236
 3.9896915  2.3212185  3.2242362  0.12413967 5.2922125  4.3288813
 2.473559   3.7125301  2.4135714  2.8930883  5.376294   3.601952
 0.6926862  0.9043054  1.5547862  2.1988053  1.060493   7.441299
 4.214604   3.9231606  5.7558017  4.027988   5.809595   4.2635393
 7.4495     5.773677   6.673549   5.275421   6.8891153  7.0673504
 6.2525525  4.6991673  3.8735237  3.3632302  2.2794409  6.2744155
 5.944472   5.5239124  3.8756738  3.505888   7.610837   4.3687606
 4.4542365  1.156358   5.3565927  6.435966   7.656066   3.6008534
 5.71033    1.6604409  3.1403341  6.2310486  2.2046528  3.252676
 1.4228796  1.5122461  3.420029   5.1018295  1.2370292  0.39951643
 3.9322805  7.0629     7.7394867  5.359317   2.111949   1.4985363
 2.625089   1.054471   2.449674   0.9488858  4.137768   6.048023
 6.671277   6.452814   6.5409966  3.6856449  4.7219963  5.1588154
 7.169287   5.7159557  5.636469   7.114828   4.9773445  4.1687846
 1.5093137  4.199071   1.9608278  2.862211   1.4073023  2.5215871
 4.814273   7.085073   2.4395492  7.905134   5.3529058  7.159626
 6.846099   5.7319994  3.681377   1.5135362  6.284024   5.375508
 6.6869698  3.681875   4.429581   2.8404508  7.4266987  8.458089
 7.1072016  3.5682802  0.610934   2.9791129  1.2929838  3.391119
 1.494946   5.430182   2.8499033  1.2644805  4.780835   0.0589684
 4.058576   2.8939526  2.9713774  3.0665233  0.5373746  0.3918755
 6.389945   0.17278652 2.1728737  4.6994305  0.8979434  1.9385607
 4.8978124  3.745857   4.750489   5.5531387  4.527165   0.03406935
 4.8750467  0.31303412 4.0565696  4.6324935  2.8780057  5.7711644
 0.960064   3.041255   4.643008   3.4002688  2.5781612  2.467358
 0.09329421 2.2927024  2.497615   4.394844   2.1428027  4.949218
 2.8259604  4.3043804  4.524692   6.3468304  2.8737729  5.7328796
 0.7593738  4.5120435  2.596265   5.9452767  6.6747665  6.6113734
 3.3830917  2.640329   2.4720936  4.501864   0.84168446 2.8104367
 0.24495758 2.0439382  1.9802768  4.652399   4.9582253  4.9041047
 0.27133933 2.2904432  4.532823   3.3346581  7.2718716  1.8212519
 7.0584188  6.263292   3.8670473  6.380652   5.404302   3.4706285
 4.924586   2.7196398  4.595745   5.073473   2.0641446  6.857696
 5.52962    2.2864208  4.8058734  5.5666113  0.8191899  3.9087763
 2.8292584  4.059065   4.2276473  3.7166133  4.6283636  2.2670913
 4.925992   6.678322   0.54339254 4.777262   5.732065   4.391233
 4.90921    5.0993924  3.056738   4.4908605  0.37330297 4.970715
 2.3278482  3.4125807  5.8051457  4.3430476  4.2363358  4.601952
 2.10292    4.597686   4.551454   4.0170784  4.6339154  3.801124
 4.334924   3.490063   3.4926808  5.4406824  4.690569   5.2479277
 3.4340622  4.0192027  0.88152057 1.8933284  0.03820848 0.59388465
 2.8915143  5.2898703  5.463348   4.9325843  3.54304    4.21558
 4.7655644  1.3703604  3.6449885  7.0373816  0.85309213 0.38382277
 1.2925869  3.1908803  6.5468144  6.3068533  3.3884554  6.210313
 5.1003404  3.0691097  4.5404243  4.5497866  5.065362   0.94127893
 3.2562985  6.470051   6.1312037  3.3821695  3.9983547  2.7385194
 3.1281047  5.4034615  2.367061   2.8793826  1.3975769  2.5285058
 4.061249   4.7485094  0.15440568 2.7086542  5.3440537  4.587121
 2.3937857  3.1868055  5.8109856  3.6062317  4.6359043  3.1434417
 2.157849   5.0535097  5.5147448  3.1035554  1.2907465  4.4328694
 6.463447   2.5864222  6.263313   5.269025   1.5993592  6.2660413
 2.7664633  5.2929244  3.0074754  6.053109   7.434154   1.7929932
 6.664603   7.580151   2.3521693  3.4023452  3.5077183  5.5215783
 4.488991   5.0882583  7.0706496  1.5261866  5.9599066  0.33623004
 4.8540945  4.640676   2.4604821  5.1697226  5.1660194  2.4448526
 0.18666452 4.916213   7.2201567  3.3770022  2.772024   5.85828   ]","[7.954005   5.4531364  5.141585   5.2207966  6.858947   4.310407
 1.2679484  4.8955564  6.659222   2.9140007  5.457172   7.457914
 4.0859613  4.544936   4.518793   5.1985493  4.7832227  4.442817
 7.3919053  1.1610378  6.3098884  7.4267273  1.6657168  1.8635833
 2.7633708  4.8843822  3.2867982  4.39884    6.685622   1.9623724
 5.6307526  0.38150847 4.312112   5.1675134  2.471261   4.230547
 4.411186   1.8618611  0.10438605 4.3972044  7.241174   2.0684152
 2.4993434  4.3052883 ]","[5.814067   0.13195252 4.647814   2.6278453  0.62416553 0.38594985
 0.9323139  3.5508604  2.4111848  0.1369853  2.9383883  4.891965
 1.2188612  0.3993621  1.3377913  0.22727585 2.6707087  3.490736
 0.7123437  1.1783078  4.227153   0.01472425 1.5547585  2.5275774
 1.7946553  3.2252738  0.28898144 3.9937272  2.161007   1.1480273
 3.7816956  0.30000013 3.651839   3.1377234  0.08361197 1.213542
 0.6952729  0.3583374  0.16762854 3.9556813  0.35859537 1.691515
 1.7309824 ]","[1.1469316  1.6462111  0.15525293 3.012262   1.4652424  2.7195482
 1.0118269  3.8006787  0.86357164 0.94795895 2.249899   1.1025739
 2.722207   2.8546572  2.6656528  2.0856435  3.0006652  2.444163
 1.8845353  0.90037405 4.0609126  0.47156143 1.2044457  1.5653226
 0.78007734 2.6639104  2.1539986  3.3601363  1.1175928  1.1536642
 3.6308146  0.34123963 3.2610836  3.336129   0.06403685 0.17481756
 0.8645625  0.9465668  0.09361907 3.5681267  0.0106883  1.1494994
 0.84174836]"
0,44,French,"[3, 2, 2, 3, 3, 4, 4, 4, 4, 3, 3, 3, 3, 3, 4]",3.2,3.0,"[4, 4, 2, 3, 4, 3, 3, 3, 4, 4, 3, 3, 2]",3.230769230769231,3.0,False,"[8.9290905  8.305691   5.6342964  7.163549   0.10531228 0.32483405
 0.98275656 8.079639   2.8096676  1.9008908  3.2530246  5.9721594
 0.20979835 7.3889236  1.1899798  3.496807   0.74283576 2.147945
 7.544582   0.4724058  0.39683682 1.4796395  1.4979194  8.1732
 6.7841463  0.40750515 8.844105   5.560851   2.5150278  2.5894358
 3.020017   3.8766832  2.8930616  3.754145   1.1704092  5.1312284
 1.0724229  0.9316782 ]","[6.807073   3.8069253  5.296838   8.267464   1.3612367  0.38217524
 1.180062   8.538336   2.2416644  1.5561639  2.9572403  8.532618
 1.6057487  8.278446   1.672071   3.6599598  1.6309825  1.7812326
 6.280368   0.383308   0.45041728 1.3373961  1.346119   8.40144
 8.303936   0.9034662  8.801057   5.100597   2.6051383  2.840682
 2.0556605  4.3284583  2.9186215  3.6347516  1.2767621  3.9472623
 1.1179236  0.9819573 ]","[8.282204   4.6622896  5.3286314  5.304234   7.1430087  4.980287
 3.9717624  7.567818   5.246264   5.6259565  6.1762295  7.5922456
 5.4147224  2.0322814  4.333473   3.3373604  1.0211377  6.414776
 4.235732   0.9687873  4.50683    2.7400377  1.1802552  5.844626
 4.751246   0.794176   4.498609   2.7636151  4.5890384  4.907726
 0.8090845  1.2970893  4.525202   5.0973115  5.074303   2.5865545
 5.8257327  6.438076   0.8788867  5.9649496  2.7328053  5.341592
 2.5554557  4.4065256  6.460994   1.4607921  2.1375751  3.578653
 5.0758247  4.9420514  5.2893887  1.6387075  0.51707184 3.2801003
 1.4508214  5.5277405  1.3720824  4.4643984  5.3267746  4.266064
 5.622058   7.1377726  1.8400799  2.11618    4.0376844 ]","[7.954005  5.4531364 5.141585  5.2207966 4.798908  1.7219348 5.0258512
 6.3630433 5.698871  2.6903331 5.8158484 6.813277  3.8762925 5.0451155
 3.8661575 5.447736  4.543784  4.1063623 7.152742  1.2451494 2.3688226
 3.5899303 4.6057844 4.485055  5.1079845 2.762567  0.6197504 3.5467572
 2.6016867 5.365099  2.7925735 4.889456  5.1341457 4.254568  5.331682
 7.0007544 1.5250404 2.4609258 4.1653643]","[4.4304814  5.5420756  1.045258   2.2558231  0.7037722  0.9722553
 3.5424452  2.982328   2.2646356  0.6856637  2.5727081  0.46591663
 0.66908836 1.423974   1.5428255  1.8447847  1.8126199  2.2585807
 1.0835881  0.9883863  1.7407384  2.0990136  3.5779052  3.2311482
 1.4947577  1.2312024  8.327033   2.2807508  1.0642064  2.9383047
 1.6479346  0.58771515 2.433713   0.51191926 4.4516487  2.006544
 0.76765704 1.1845018 ]","[1.1469316e+00 1.6462111e+00 1.5525293e-01 3.0466671e+00 3.4376717e+00
 1.3397596e+00 3.8457892e+00 2.1752925e+00 3.4572067e+00 1.1341692e+00
 2.8586080e+00 1.7193408e+00 2.2705438e+00 3.2333307e+00 2.1940866e+00
 1.7877760e+00 2.9128017e+00 2.3251297e+00 8.7237406e-01 8.6184138e-01
 1.9184053e+00 2.2525342e+00 3.2596655e+00 3.9163847e+00 3.1959515e+00
 1.8591008e+00 8.1813068e+00 1.5538397e+00 3.4515858e-03 2.5244169e+00
 7.3691297e-01 5.6099749e-01 2.2155242e+00 6.1981654e-01 4.0549202e+00
 3.0534921e+00 4.0711677e-01 1.4789685e+00]","[13.135365    5.2125263   4.587779    7.326243    1.3494364   0.24641739
  1.233132    7.8720255   2.2753184   1.4291357   3.3078644   8.636553
  1.7700137   8.299915    1.6768601   3.639167    1.6403531   2.0148985
  6.2397046   0.3775576   0.41328108  1.280704    1.3124338   8.421689
  8.903478    0.8415944   8.826911    4.8929305   2.6787229   3.0235345
  2.4077504   4.14833     3.5016284   3.5306854   1.3869383   3.9040458
  1.3902849   1.0060577 ]","[6.807073   3.8069253  5.296838   8.267464   1.3612367  0.38217524
 1.180062   8.538336   2.2416644  1.5561639  2.9572403  8.532618
 1.6057487  8.278446   1.672071   3.6599598  1.6309825  1.7812326
 6.280368   0.383308   0.45041728 1.3373961  1.346119   8.40144
 8.303936   0.9034662  8.801057   5.100597   2.6051383  2.840682
 2.0556605  4.3284583  2.9186215  3.6347516  1.2767621  3.9472623
 1.1179236  0.9819573 ]","[7.553403  5.5820227 5.183182  3.9221437 1.2238326 5.1905828 6.405821
 5.525342  2.616897  5.768294  6.552105  3.4962285 4.2342415 3.664749
 5.3464966 4.33745   4.0366316 7.093997  1.1882035 2.1063561 3.2099829
 4.6007934 4.65766   5.252949  2.468788  0.6161618 3.4406958 2.1965852
 5.351258  2.3038504 4.863776  5.2158923 4.112871  5.365175  6.846183
 1.3622577 2.4085863 4.110803 ]","[7.954005  5.4531364 5.141585  5.2207966 4.798908  1.7219348 5.0258512
 6.3630433 5.698871  2.6903331 5.8158484 6.813277  3.8762925 5.0451155
 3.8661575 5.447736  4.543784  4.1063623 7.152742  1.2451494 2.3688226
 3.5899303 4.6057844 4.485055  5.1079845 2.762567  0.6197504 3.5467572
 2.6016867 5.365099  2.7925735 4.889456  5.1341457 4.254568  5.331682
 7.0007544 1.5250404 2.4609258 4.1653643]","[9.024561   2.3408766  0.9942436  2.1430612  2.5727072  0.9774152
 3.9574509  1.4662046  3.2500236  1.1877614  2.4604294  2.0844479
 1.7262148  4.065674   1.9878888  1.7073295  2.6970968  2.021733
 0.8542924  0.8106458  1.6930751  1.9292789  3.2883596  3.764029
 3.6505284  1.6271935  8.210749   1.4522347  0.48213768 2.3277233
 0.10389996 0.715446   1.7142639  0.58218575 3.9782364  2.942137
 0.02802718 1.4025285 ]","[1.1469316e+00 1.6462111e+00 1.5525293e-01 3.0466671e+00 3.4376717e+00
 1.3397596e+00 3.8457892e+00 2.1752925e+00 3.4572067e+00 1.1341692e+00
 2.8586080e+00 1.7193408e+00 2.2705438e+00 3.2333307e+00 2.1940866e+00
 1.7877760e+00 2.9128017e+00 2.3251297e+00 8.7237406e-01 8.6184138e-01
 1.9184053e+00 2.2525342e+00 3.2596655e+00 3.9163847e+00 3.1959515e+00
 1.8591008e+00 8.1813068e+00 1.5538397e+00 3.4515858e-03 2.5244169e+00
 7.3691297e-01 5.6099749e-01 2.2155242e+00 6.1981654e-01 4.0549202e+00
 3.0534921e+00 4.0711677e-01 1.4789685e+00]"
